nome,tipo,temporada,preço
manchester united,home,2007-09,279.99
manchester united,home,2007-09,279.99
manchester united,away,2007-08,279.99
manchester united,home,2007-08,259.99
bayern de munique,third,2024-25,189.99
real madrid originals t-shirt,,2024-25,229.99
manchester united lifestyle,,2024-25,229.99
flamengo lifestyle,,2024-25,189.99
real madrid,home,2017-18,279.99
brasil,home,2002-03,229.99
barcelona  travis scott,away,2024,189.99
flamengo,home,2008-09,229.99
brasil,home,1998-99,244.99
manchester united,away,2007-08,259.99
juventus,third,2024-25,189.99
barcelona,away,2024,189.99
milan,away,2006-07,259.99
manchester united,home,2008-09,279.99
fiorentina,home,1998-99,229.99
real madrid,away,2006-07,229.99
escócia 150 anos,,,189.99
arsenal,home,2005-06,229.99
flamengo,home,2003-04,229.99
brasil,home,1998-99,229.99
milan,away,2024-25,189.99
barcelona,away,2024,229.99
borussia dortmund blackout,,2022-23,189.99
sporting,home,2001-03,244.99
barcelona,home,2014-15,259.99
corinthians,away,2024-25,229.99
real madrid,home,2023-24,229.99
milan,away,2006-07,229.99
barcelona,home,2000-01,229.99
frança,home,1998-99,244.99
parma,away,2002-03,229.99
portugal,home,2024-25,189.99
bayern de munique,third,2024-25,229.99
alemanha,home,2024-25,189.99
real madrid,third,2017-18,279.99
japão,home,1998-99,229.99
bayern de munique lifestyle,,2024-25,189.99
real madrid,third,2024-25,189.99
milan,home,2009-10,279.99
flamengo,home,2025-26,189.99
manchester united originals t-shirt,,,229.99
real madrid,home,2024-25,189.99
real madrid  ucl,away,2016,279.99
manchester united,home,2007-08,249.99
frança,away,2006-07,259.99
liverpool,home,2025-26,189.99
portugal,home,2025-26,209.99
bayern de munique lifestyle,,2024-25,229.99
japão,away,2024-25,189.99
real madrid,home,2016-17,259.99
flamengo,home,1995,229.99
milan,home,2006-07,244.99
milan,home,2006-07,229.99
barcelona,home,2005-06,259.99
barcelona,home,2014-15,229.99
manchester city,away,2025-26,189.99
psg x jordan,,2024-25,229.99
barcelona x coldplay,home,2024-25,189.99
arsenal,third,2025-26,189.99
flamengo baseball,,2025-26,229.99
barcelona  travis scott,home,2024-25,244.99
argentina,home,2024-25,189.99
inter de milão,home,2009-10,229.99
flamengo,third,2025-26,189.99
liverpool,home,2025-26,229.99
newcastle lifestyle,,2024-25,229.99
napoli,home,2024-25,189.99
manchester united,away,2024-25,189.99
flamengo,home,2024-25,189.99
real madrid,third,2017-18,259.99
itália 125 anos,,,189.99
brasil,home,1994,229.99
real madrid,home,2017-18,259.99
manchester united,home,1998-99,229.99
bayern de munique 125 anos,,,189.99
barcelona,home,2024,189.99
napoli,away,2024-25,189.99
sporting,home,2024-25,189.99
milan,home,2024-25,189.99
portugal,away,2024-25,189.99
real madrid,home,2011-12,244.99
portugal,home,2016,279.99
barcelona,home,2016-17,259.99
alemanha 125 anos,,,189.99
inglaterra,home,1998,264.99
argentina,away,1994,229.99
celtic,home,1997-99,229.99
oasis preta,,2025,209.99
manchester united,home,2008-09,259.99
juventus,third,2024-25,249.99
chelsea,third,2024-25,189.99
liverpool,home,2018-19,229.99
boca juniors,home,1996-97,229.99
milan,away,2006-07,249.99
barcelona,home,1992-94,229.99
liverpool,away,1996-97,229.99
chelsea,third,2025-26,189.99
arsenal,home,2005-06,259.99
juventus,third,2024-25,229.99
inglaterra,away,2024-25,189.99
psg jordan black,,2018-19,229.99
inter de milão,home,1997-98,244.99
milan,home,2009-10,249.99
inter de milão,home,1997-98,229.99
manchester united,home,1998-99,259.99
arsenal,home,2002-04,244.99
estoril praia - ayrton senna / fourth,,2024-25,189.99
barcelona,home,2024,229.99
real madrid,third,2014-15,249.99
frança,away,2006-07,229.99
brasil,away,1998-99,229.99
argentina,away,1994,244.99
psg,home,2001-02,244.99
inter de milão,third,2004-05,229.99
chelsea,home,2012-13,249.99
manchester city,away,2025-26,229.99
flamengo,home,2025-26,229.99
manchester united,home,2007-08,229.99
venezia,away,2024-25,189.99
juventus,third,2024-25,229.99
real madrid,home,2024-25,244.99
itália,home,2024-25,189.99
corinthians,away,2024-25,189.99
milan x pleasures,,2024,189.99
milan x pleasures,,2024,189.99
itália 125 anos versão jogador,,,229.99
corinthians,away,2000,229.99
corinthians são jorge,,2011-12,229.99
real madrid,away,2014-15,229.99
itália,home,2006-07,244.99
flamengo,home,1995,244.99
inter de milão,third,1997-98,244.99
barcelona,home,2007-08,244.99
manchester united,home,1992-94,229.99
chelsea,home,2012-13,229.99
são paulo,third,2025-26,189.99
boca juniors,home,2025-26,229.99
méxico gold,,2025-26,229.99
argetina edição especial 50 anos versão jogador,,,229.99
inter de milão,away,2004-05,259.99
barcelona,third,2024,229.99
liverpool,away,2024-25,229.99
uruguai,home,2024-25,189.99
tottenham,home,2024-25,189.99
palmeiras,home,2024-25,189.99
real madrid,third,2014-15,229.99
inter miami,away,2023-24,244.99
bayern de munique,away,1997-99,229.99
real madrid,away,2006-07,249.99
inglaterra,home,2002-03,244.99
flamengo centenário,,1995,229.99
portugal edição especial,,2025-26,189.99
venezia,away,2025-26,189.99
arsenal,third,2025-26,229.99
real madrid,third,2025-26,189.99
real madrid,home,2025-26,229.99
real madrid,home,2017-18,299.99
fiorentina fourth,,2024-25,189.99
afc richmond,home,2023-24,189.99
colombia edição especial 100 anos,,,189.99
liverpool,third,2024-25,229.99
arsenal,away,2024-25,189.99
manchester united,away,2024-25,229.99
chelsea,away,2024-25,229.99
barcelona,home,2024-25,189.99
barcelona,home,2024-25,229.99
arsenal,home,2024-25,189.99
manchester city,home,2024-25,189.99
portugal,home,2024-25,229.99
manchester united centenário,,2001-02,229.99
al nassr,third,2023-24,214.99
barcelona,home,2010-11,259.99
manchester united,third,2008-09,279.99
inter miami,home,2022-23,244.99
palmeiras,home,1996,229.99
milan,home,2013-14,229.99
juventus,home,1997-98,259.99
real madrid,home,2016-17,279.99
real madrid,home,2013-14,279.99
barcelona,home,1999,229.99
juventus,third,2025-26,189.99
liverpool,third,2025-26,189.99
barcelona,home,2025-26,189.99
manchester united,home,2007-08,259.99
portugal,home,2025-26,249.99
chelsea,home,2025-26,189.99
corinthians,away,2025-26,189.99
lyon edição especial 75 anos,,,189.99
corinthians,home,2025-26,229.99
barcelona,away,2024-25,204.99
inter de milão,home,2024-25,189.99
roma,home,2024-25,189.99
manchester city,third,2024-25,189.99
tottenham x travis scott,,2024-25,189.99
milan,home,2008-09,229.99
jaqueta alemanha,,2024,299.99
real madrid,home,2023-24,244.99
bélgica,away,2024-25,189.99
real madrid,home,2011-12,279.99
flamengo,home,2019-20,229.99
arsenal,home,2004-05,229.99
frança,home,1998-99,229.99
brasil,home,2006-07,229.99
roma,home,2017-18,244.99
milan,home,2013-14,259.99
milan,home,2009-10,244.99
juventus,home,2018-19,259.99
inter de milão,home,2007-08,259.99
inter de milão,home,1999-00,244.99
real madrid,third,1999-00,229.99
real betis,home,1995-96,229.99
manchester united,third,2008-09,259.99
manchester united,home,2006-07,279.99
venezia,away,2025-26,229.99
liverpool goleiro preta,,2025-26,189.99
manchester united,third,2025-26,229.99
real madrid,home,2025-26,189.99
portugal,home,2025-26,229.99
corinthians,home,2025-26,189.99
barcelona  travis scott,away,2024-25,244.99
flamengo,away,2025-26,189.99
arsenal terrace icons,,2025,209.99
psg fourth,,2024-25,249.99
portugal,home,2025-26,249.99
botafogo,home,2024-25,189.99
real madrid,home,2014-15,279.99
japão,home,2024-25,189.99
galatasaray,home,2024-25,189.99
camisa de viagem alemanha,,2024-25,189.99
borussia dortmund,home,2024-25,189.99
inglaterra,home,2024-25,189.99
real madrid,away,2017-18,244.99
leicester city,home,2015-16,259.99
flamengo,home,2008-09,244.99
corinthians,home,2012,244.99
palmeiras,third,2009,229.99
milan,home,2010-11,244.99
palmeiras,home,1999,229.99
inter de milão centenário,,2007-08,229.99
borussia dortmund blackout,,2023,214.99
jamaica,away,1998-99,229.99
escócia,home,1996-98,229.99
brasil,home,1998-99,264.99
brasil,away,2002-03,229.99
flamengo,away,1995,229.99
juventus,away,2015-16,249.99
inter de milão,home,1998-99,259.99
fiorentina,home,1998-99,249.99
real madrid,away,2011-12,279.99
real madrid,home,2002-03,229.99
real madrid,home,2016-17,229.99
barcelona,home,2016-17,259.99
barcelona,home,2010-11,259.99
barcelona,home,2010-11,229.99
manchester united,away,2008-09,279.99
alemanha,home,2026-27,189.99
wolfsburg 80 anos,,,189.99
flamengo,home,2025-26,189.99
real madrid,third,2025-26,229.99
tottenham,away,2025-26,229.99
são paulo,home,2025-26,189.99
psg x jordan,,2024-25,239.99
inter miami,home,2025-26,229.99
manchester united originals t-shirt,,,229.99
inter de milão,away,2024-25,229.99
alemanha,home,2024-25,249.99
liverpool,home,2024-25,189.99
frança,home,2024-25,189.99
real madrid,home,2011-12,264.99
short itália 125 anos,,,109.99
boca juniors,home,1999-00,244.99
tottenham,home,1991-93,229.99
nigeria,home,2018,229.99
corinthians,away,2010,229.99
arsenal,home,2006-07,244.99
boca juniors,home,2002-03,244.99
psg jordan,,2018-19,279.99
milan,third,2007-08,229.99
portugal,home,2004-05,259.99
nigéria,home,1996,229.99
holanda,home,1988,229.99
espanha,away,2010-11,229.99
palmeiras,home,1993-94,229.99
corinthians centenário,,2010,229.99
psg,away,2019-20,259.99
psg black,,2018-19,244.99
roma,home,1999-00,229.99
napoli,home,1987-88,229.99
milan,home,2006-07,249.99
real madrid,home,2015-16,259.99
real madrid,away,2016-17,229.99
real madrid,home,2011-12,229.99
real betis,home,1995-96,244.99
barcelona,home,2015-16,259.99
barcelona,home,2017-18,229.99
liverpool,home,2004-05,244.99
liverpool,home,2006-08,229.99
chelsea,home,2011-12,229.99
bayern de munique,third,2025-26,229.99
manchester united,,1998-99,229.99
real madrid,away,2025-26,189.99
barcelona  travis scott,home,2024-25,204.99
real madrid,third,2024-25,229.99
celtic lifestyle,,2024-25,229.99
flamengo,away,2024-25,229.99
newcastle,away,2024-25,229.99
japão branca,,2024-25,229.99
real betis,home,2024-25,189.99
manchester united,third,2024-25,189.99
itália,away,2024-25,189.99
brasil,home,2024-25,189.99
real madrid,home,2024-25,229.99
flamengo,away,2024-25,189.99
inglaterra,home,2024-25,229.99
holanda,home,2024-25,229.99
frança,away,2024-25,189.99
flamengo,home,2024-25,229.99
"cristiano ronaldo ""the siu"" versão jogador",,,229.99
real madrid,away,2016-17,244.99
real madrid,home,2009-10,279.99
al nassr,home,2023-24,214.99
inter miami,home,2022-23,189.99
japão,home,2000-01,229.99
real madrid,away,2006-07,264.99
real madrid,away,2014-15,279.99
inter de milão,home,2008-09,229.99
miami heat city edition,,2022-23,229.99
los angeles lakers icon,,2022-23,229.99
portugal,home,2016-17,259.99
inglaterra,home,1998-99,229.99
inglaterra,home,1994-95,229.99
brasil,home,2004-05,229.99
boca juniors,home,2003-04,229.99
boca juniors,home,1981,229.99
olympique de marsellie,home,1998-99,229.99
juventus,home,2004-05,229.99
juventus,third,1995-97,229.99
inter de milão,home,1998-99,259.99
inter de milão,home,1999-00,229.99
inter de milão,away,2009-10,229.99
fiorentina,home,1999-00,259.99
real madrid,away,2016-17,264.99
real madrid,home,1998-99,229.99
real madrid,third,2017-18,249.99
barcelona,home,2006-07,279.99
barcelona,home,1999,244.99
barcelona,home,2016-17,229.99
barcelona,home,2008-09,229.99
newcastle,home,1995-97,229.99
manchester united,away,1993-95,259.99
manchester united,home,2000-02,259.99
manchester city,home,1997-98,229.99
bayern de munique oktoberfest,,2025,229.99
al nassr,third,2025-26,189.99
corinthians,third,2025-26,229.99
flamengo,third,2025-26,229.99
barcelona,away,2025-26,189.99
roma,home,2025-26,189.99
psg x jordan,,2024-25,189.99
chelsea,away,2025-26,229.99
milan,home,2025-26,189.99
inter de milão,home,2025-26,189.99
juventus,home,2025-26,189.99
arsenal,home,2025-26,189.99
milan,away,2006-07,279.99
milan,home,2006-07,264.99
short flamengo azul escuro,,2025,119.99
flamengo treino azul escuro,,2025,189.99
milan 125 anos m/l,,,229.99
real madrid,third,2015-16,229.99
fulham,away,2024-25,189.99
manchester united,third,2024-25,249.99
psg,home,2024-25,189.99
chelsea,home,2024-25,189.99
inter de milão,home,2024-25,229.99
real madrid,away,2024-25,189.99
manchester city,third,2024-25,229.99
lyon,away,2024-25,189.99
west ham,home,2024-25,189.99
milan,home,2024-25,229.99
colômbia,away,2024-25,229.99
bayern de munique,home,2024-25,189.99
real madrid,home,2023-24,204.99
arsenal,home,2024-25,229.99
argentina,home,2024-25,249.99
brasil conjunto de treino verde,,2024-25,349.99
borussia dortmund,home,2024-25,204.99
borussia dortmund edição especial,,2024,189.99
manchester united,home,1991-92,229.99
brasil,home,2024-25,229.99
inter de milão,home,2004-05,259.99
inter de milão x tartaruga ninjas,,2024,189.99
manchester united,home,2007-08,264.99
barcelona,home,2004-05,259.99
inglaterra,home,2012-13,229.99
corinthians,home,2000,229.99
inter miami,home,2022-23,204.99
short casual,,,119.99
golden state warriors icon,,2022-23,229.99
los angeles lakers statement,,2022-23,229.99
espanha,home,2010-11,229.99
brasil,home,2010,259.99
brasil,home,1991-93,229.99
brasil,home,2010-11,229.99
corinthians,home,2012,229.99
milan,home,2009-10,259.99
milan,home,2014-15,229.99
milan,home,2009-10,229.99
juventus,away,2015-16,229.99
juventus,home,2014-15,229.99
inter de milão,home,2009-10,259.99
inter de milão,home,2001-02,229.99
fiorentina,home,1999-00,229.99
real madrid,home,2001-02,264.99
barcelona,home,2009-10,259.99
barcelona,home,2008-09,259.99
barcelona,home,2015-16,229.99
manchester united,away,2007-08,259.99
manchester united,away,1993-94,229.99
manchester united,home,1998-99,249.99
liverpool,home,1993-95,229.99
liverpool,away,1993-95,229.99
chelsea,home,2005-06,259.99
arsenal,home,2000-02,244.99
flamengo,third,2025-26,189.99
corinthians,third,2025-26,189.99
napoli,away,2025-26,229.99
liverpool icon,,2025-26,189.99
palmeiras bege,,2025-26,189.99
roma,third,2025-26,189.99
ajax,third,2025-26,189.99
napoli,away,2025-26,189.99
newcastle,third,2025-26,189.99
chelsea,home,2025-26,204.99
tottenham,away,2025-26,189.99
manchester united,home,2025-26,189.99
tottenham,home,2025-26,189.99
inter miami,third,2025-26,229.99
psg,home,2025-26,229.99
corinthians,away,2025-26,229.99
internacional,home,2025-26,189.99
celtic t-shirt,,2024-25,189.99
real madrid terrace icons,,2025,209.99
copenhagen,third,2024-25,189.99
flamengo pré jogo,,2025,189.99
psg,third,2017-18,259.99
manchester united,away,2012-13,229.99
al nassr,away,2023-24,204.99
inter miami,away,2025,189.99
chelsea,home,2009-10,244.99
barcelona,third,2019-20,229.99
liverpool,home,2007-08,279.99
barcelona x coldplay,away,2024-25,189.99
barcelona x coldplay,,2024-25,229.99
aston villa,third,2024-25,189.99
roma,away,2024-25,189.99
aston villa,away,2024-25,229.99
japão azul,,2024-25,229.99
inter miami,,2024,229.99
psg,away,2024-25,229.99
borussia monchengladbach,home,2024-25,189.99
real madrid treino,,2024-25,229.99
real madrid,home,2024-25,249.99
liverpool,home,2024-25,229.99
newcastle,home,2024-25,229.99
áustria,away,2024-25,189.99
barcelona conjunto de treino preto,,2024-25,349.99
real madrid conjunto de treino laranja,,2024-25,349.99
brasil,away,2024-25,189.99
real madrid,home,2023-24,219.99
alemanha conjunto de treino branco,,2024-25,369.99
bélgica,home,2024-25,189.99
palmeiras,away,2024-25,189.99
manchester city ano novo chinês,,2024,189.99
argentina,home,1998,229.99
japão,home,2000,249.99
flamengo,away,2008-09,229.99
real madrid,home,2013-14,244.99
real madrid,away,2011-12,244.99
flamengo,away,2019-20,229.99
barcelona,third,2013-14,229.99
corinthians,home,2011,229.99
milan,home,2006-07,259.99
real madrid,away,2015-16,259.99
manchester city,away,1997-98,229.99
denver nuggets icon edition,,2022-23,229.99
psg,home,2017-18,229.99
holanda,home,1998,259.99
milan,home,2010-11,244.99
real madrid,away,2015-16,229.99
parma,home,1999-00,249.99
liverpool,home,2005-06,229.99
al nassr,home,2022-23,214.99
brooklyn nets city edition,,2022-23,229.99
boston celtics statement,,2022-23,229.99
boston celtics icon,,2022-23,229.99
boston celtics association,,2022-23,229.99
brasil,home,2006-07,244.99
brasil,home,2004-09,244.99
brasil,away,2002-03,259.99
brasil,home,1970,229.99
alemanha,away,2014,229.99
porto,home,2003-04,244.99
boca juniors,home,1981,249.99
boca juniors,away,1996-97,229.99
corinthians,third,2018-19,229.99
borussia dortmund,home,2012-13,229.99
milan,home,2014-15,259.99
milan,home,1996-97,229.99
milan,home,2010-11,229.99
juventus,home,2019-20,244.99
juventus,home,2002-03,244.99
juventus,home,1999-00,229.99
inter de milão,third,2004-05,259.99
real madrid,away,2005-06,259.99
real madrid,home,2013-14,259.99
real madrid,home,2012-13,259.99
real madrid,home,2000-01,229.99
real madrid,third,2012-13,229.99
real madrid,home,2014-15,229.99
barcelona,home,2018-19,259.99
barcelona,home,2005-06,229.99
manchester united,home,2006-07,259.99
manchester united,away,2008-09,229.99
manchester united,away,1990-92,229.99
liverpool,home,2006-08,259.99
chelsea,home,1997,229.99
flamengo lifestyle,,2025,189.99
itália,home,2006-07,229.99
oasis azul,,2025,209.99
real betis,home,2025-26,189.99
corinthians,home,1999,229.99
ajax icon,,2025-26,189.99
brasil,home,2025-26,189.99
tottenham,third,2025-26,229.99
venezia,away,2025-26,229.99
liverpool,home,2025-26,229.99
flamengo,third,2025-26,189.99
chelsea,third,2025-26,204.99
chelsea,away,2025-26,204.99
alemanha 125 anos preta,,,189.99
köln,,2025-26,189.99
al nassr,home,2025-26,229.99
liverpool,home,2025-26,264.99
chelsea,away,2025-26,244.99
chelsea,home,2025-26,244.99
barcelona,home,2025-26,229.99
real madrid,away,2025-26,229.99
psg,home,2025-26,189.99
atlético de madrid,home,2025-26,229.99
ajax,home,2025-26,189.99
flamengo,home,2025-26,239.99
são paulo,away,2025-26,189.99
roma originals t-shirt,,2024-25,229.99
flamengo treino azul claro,,2025,189.99
milan,home,2008-09,279.99
barcelona,third,2015-16,259.99
barcelona,away,2015-16,259.99
psg,home,2001-02,264.99
schalke 04,home,2024-25,189.99
arsenal originals lifestyle,,,229.99
atletico de madrid,home,2004-05,249.99
arsenal originals t-shirt,,,229.99
real madrid,third,2012-13,279.99
botafogo,away,2024-25,189.99
flamengo,third,2024-25,189.99
real madrid treino branca,,2024-25,229.99
real madrid treino azul claro,,2024-25,229.99
al hilal,home,2024-25,229.99
leeds united,third,2024-25,189.99
sheffield united,third,2024-25,189.99
everton,third,2024-25,189.99
mancheter united,away,2005-06,259.99
barcelona,home,2024-25,244.99
atalanta,home,2024-25,189.99
alemanha,home,2024-25,229.99
jamaica,home,2024-25,189.99
ajax,home,2024-25,189.99
lyon,away,2024-25,229.99
psg,home,2024-25,229.99
nantes,away,2024-25,189.99
milan,away,2009-10,259.99
chelsea,home,2024-25,229.99
fiorentina,home,2024-25,189.99
uruguai,away,2024-25,189.99
arsenal conjunto de treino rosa,,2024-25,349.99
suíça,home,2024-25,189.99
espanha conjunto de treino azul,,2024-25,369.99
espanha conjunto de treino vermelho,,2024-25,349.99
alemanha conjunto de treino roxo,,2024-25,349.99
corinthians,home,2024-25,189.99
argentina,home,2024-25,229.99
espanha,home,2024-25,229.99
frança,home,2024-25,229.99
real madrid,third,2013-14,279.99
atlético de madrid 128 anos versão jogador,,,229.99
barcelona,away,2016-17,229.99
inglaterra,home,2006-07,229.99
flamengo,home,2017-18,229.99
inter miami,home,2022-23,229.99
chelsea,third,2019-20,229.99
brasil centenário,,2004,229.99
valencia,away,2006-07,229.99
uruguai,,2010,259.99
real madrid,away,2014-15,249.99
milan,home,2004-05,259.99
corinthians,home,2010,229.99
milan,away,2009-10,229.99
real madrid,away,2011-12,279.99
manchester united,home,2006-07,249.99
arsenal,home,2005-06,249.99
toronto raptors icon,,2022-23,229.99
golden state warriors city edition,,2022-23,229.99
méxico,home,1998-99,229.99
inglaterra,home,1998-99,249.99
frança,home,2004-05,259.99
brasil,away,2010,259.99
brasil,home,1998-99,249.99
argentina,away,2006,229.99
alemanha,home,1994,244.99
alemanha,home,2006,229.99
alemanha,home,2014,229.99
porto,home,2003-04,229.99
flamengo,home,2008-09,244.99
flamengo,home,2009-10,229.99
psg,away,2000-01,229.99
borussia dortmund,home,1997-98,229.99
bayern de munique,home,2013-14,229.99
bayern de munique,home,2010-11,229.99
bayern de munique,away,1995-96,229.99
roma,home,2001-02,229.99
parma,away,2002-03,259.99
napoli,home,1986-87,229.99
milan,home,2010-11,259.99
milan,home,2013-14,259.99
milan,home,1999-00,229.99
milan,third,2011-12,229.99
milan,home,2013-14,249.99
juventus,home,1999-00,279.99
juventus,home,2005-06,259.99
juventus,home,2014-15,259.99
juventus,home,2017-18,229.99
juventus,home,1995-97,229.99
inter de milão,away,1997-98,244.99
inter de milão,home,2010-11,229.99
real madrid,third,2012-13,259.99
real madrid,home,2013-14,229.99
real madrid,home,1997-98,229.99
real madrid,home,2006-07,229.99
real madrid,home,2017-18,249.99
barcelona,home,1998-99,244.99
barcelona,home,2003-04,244.99
barcelona,home,2009-10,229.99
barcelona,away,2010-11,229.99
atlético de madrid,home,2003-04,229.99
tottenham,home,2008-09,229.99
newcastle,home,1997-99,229.99
newcastle,home,2005-06,229.99
manchester united,home,2004-06,279.99
manchester united,home,2006-07,259.99
manchester united,away,2008-09,229.99
manchester united,home,2013-14,229.99
manchester united,home,2012-13,229.99
manchester united,home,2002-04,229.99
manchester united,home,1999-00,229.99
manchester united,home,1996-97,249.99
manchester city,home,2011,244.99
liverpool,home,2006,279.99
chelsea,home,2005-06,229.99
blackburn,home,1994-95,244.99
arsenal,third,2007-08,229.99
arsenal,third,2025-26,189.99
real madrid,home,2025-26,244.99
barcelona x ed sheeran,,2025-26,229.99
atlético de madrid,third,2025-26,229.99
flamengo,away,2025-26,229.99
benfica icon,,2025-26,189.99
arsenal icon,,2025-26,189.99
liverpool,third,2025-26,249.99
ldu,away,2025-26,189.99
sevilla,away,2025-26,189.99
manchester united icon,,2025-26,189.99
são paulo,third,2025-26,209.99
porto,third,2025-26,189.99
barcelona,third,2025-26,229.99
real madrid,home,2011-12,259.99
barcelona,away,2025-26,264.99
chelsea,home,2025-26,269.99
hamburgo,home,2025-26,189.99
liverpool,away,2025-26,189.99
fiorentina,home,2025-26,189.99
liverpool,home,2025-26,249.99
napoli,home,2025-26,189.99
holanda,home,2004-05,259.99
ajax,away,2025-26,189.99
manchester united,away,2025-26,229.99
celtic,third,2025-26,189.99
olympique de marseille,away,2025-26,229.99
milan,away,2025-26,189.99
chelsea,home,2025-26,309.99
roma,home,2025-26,229.99
manchester united,home,2022-23,299.99
flamengo conjunto de treino vermelho,,2024-25,369.99
real madrid baseball,,2025-26,229.99
real madrid,away,2025-26,189.99
arsenal,home,2025-26,249.99
benfica  bege,away,2025-26,189.99
atlético de madrid treino,,2025-26,189.99
america,home,2025-26,229.99
monterrey,home,2025-26,189.99
boca juniors,away,2025-26,229.99
vasco,third,2024-25,189.99
newcastle,home,2025-26,229.99
real madrid goleiro azul,,2025-26,189.99
flamengo,home,1990,229.99
atlético de madrid,home,2025-26,189.99
inter de milão,away,2025-26,189.99
milan,home,2025-26,229.99
inter de milão,home,2025-26,229.99
werder bremen,third,2025-26,189.99
celtic,home,2025-26,229.99
arsenal,home,2025-26,229.99
alemanha 125 anos goleiro,,,189.99
real madrid,third,2023-24,204.99
ajax comemorativa 125 anos m/l,,,229.99
juventus originals t-shirt,,2024-25,229.99
são paulo,,2024-25,189.99
monterrey,home,2024-25,244.99
flamengo polo azul escuro,,2025,189.99
juventus,away,2024-25,229.99
ajax,third,2024-25,189.99
manchester united,home,2021-22,269.99
barcelona,home,2015-16,279.99
manchester city,home,2013-14,229.99
atletico de madrid,away,2004-05,249.99
barcelona,third,2014-15,259.99
river plate,away,2024-25,229.99
boca juniors,home,2024-25,229.99
inter de milão,third,2024-25,229.99
manchester united,away,2003-04,229.99
parma,away,2024-25,189.99
atlético de madrid,away,2024-25,229.99
botafogo,third,2024-25,189.99
flamengo,third,2024-25,229.99
barcelona,third,2024-25,249.99
uruguai,away,2024-25,229.99
venezia,home,2024-25,189.99
west ham,third,2024-25,189.99
wolverhampton,away,2024-25,189.99
manchester united,home,2024-25,229.99
manchester united,third,2024-25,229.99
arsenal goleiro preta,,2024-25,189.99
nottingham forest,home,2024-25,189.99
portugal,home,2024-25,249.99
lnter de milão,away,2024-25,189.99
lnter de milão,home,2024-25,189.99
jamaica,,2024-25,189.99
venezuela,away,2024-25,189.99
arsenal,third,2024-25,229.99
benfica,away,2024-25,189.99
ipswich town,away,2024-25,189.99
chelsea,home,2012-13,259.99
holanda,away,2014,259.99
juventus,third,2012-13,259.99
barcelona,away,2016-17,259.99
manchester united,home,2024-25,189.99
everton,home,2024-25,189.99
real sociedad,home,2024-25,189.99
psv,away,2024-25,189.99
arsenal treino azul claro,,2024-25,229.99
atlético de madrid,home,2024-25,249.99
real madrid,away,2024-25,229.99
real madrid,away,2024-25,244.99
celtic,home,2024-25,189.99
crystal palace,home,2024-25,189.99
benfica,home,2024-25,189.99
porto,home,2024-25,189.99
sporting,away,2024-25,189.99
sunderland,home,2024-25,189.99
celta de vigo,home,2024-25,189.99
atlético de madrid,home,2024-25,229.99
bayer leverkusen,home,2024-25,189.99
argentina,home,2024-25,244.99
juventus conjunto de treino branco,,2024-25,369.99
manchester united conjunto de treino preto,,2024-25,369.99
chelsea conjunto de treino azul,,2024-25,349.99
tottenham conjunto de treino cinza,,2024-25,349.99
arsenal conjunto de treino azul,,2024-25,349.99
iugoslávia,home,1998,229.99
frança,home,2024-25,244.99
oklahoma city thunder,,,229.99
noruega,home,2024-25,229.99
país de gales,home,2024-25,189.99
alemanha,away,2024-25,189.99
alemanha conjunto de treino branco,,2024-25,369.99
inglaterra conjunto de treino branco,,2024-25,349.99
holanda conjunto de treino azul,,2024-25,349.99
portugal conjunto de treino preto,,2024-25,349.99
corinthians,home,2024-25,229.99
corinthians,away,2024-25,249.99
borussia dortmund,home,1994-95,229.99
alemanha,away,2024-25,229.99
internacional,home,2024-25,189.99
flamengo,home,2024-25,249.99
flamengo pré-jogo,,2024-25,189.99
itália,home,2024-25,229.99
portugal,away,2024-25,229.99
inglaterra,away,2024-25,229.99
croácia,home,2024-25,229.99
argentina,away,2024-25,229.99
frança,home,1984-86,229.99
milan,third,1998-99,229.99
kit real madrid regata + short,,,239.99
olympique de marsellie,away,1998-99,229.99
barcelona,third,2013-14,244.99
real madrid,third,2013-14,264.99
flamengo,home,2008-09,249.99
frança,home,2018-19,279.99
liverpool,home,2006-08,249.99
jaqueta corta vento chelsea,,,259.99
psg,home,2017-18,259.99
arsenal,home,2007-08,244.99
real madrid,home,2007-08,229.99
barcelona,away,2010-11,259.99
inter de milão,home,2010-11,244.99
flamengo,home,2000-01,229.99
real madrid,home,2006-07,249.99
real madrid,home,2003-04,259.99
itália  gk,home,2006,259.99
real madrid,home,2011-12,264.99
al nassr fourth,,2022-23,214.99
toronto raptors association,,2022-23,229.99
milwaukee bucks association,,2022-23,229.99
memphis grizzlies statement,,2022-23,229.99
brasil conjunto de treino,,2022,379.99
portugal,away,2012-13,259.99
portugal,home,2006-07,244.99
portugal,home,2016-17,229.99
inglaterra,home,2006-07,259.99
inglaterra,away,2002-03,249.99
inglaterra,home,2002-03,229.99
frança,home,1996-97,259.99
escócia,third,1988-89,229.99
escócia,away,1988-89,229.99
escócia,away,1991-93,229.99
brasil,home,1997-98,244.99
alemanha,away,2010,229.99
river plate,home,2008-09,229.99
psv,away,1998-99,229.99
celtic,home,2005-06,229.99
ajax,home,1994-95,229.99
ajax,away,1994-95,229.99
psg,away,2001-02,244.99
psg,away,1998-99,244.99
psg,home,1998-99,229.99
monaco,home,2016-17,259.99
borussia dortmund,home,1998-99,229.99
borussia dortmund,home,1995-97,229.99
bayern de munique,home,2012-13,279.99
bayern de munique,home,1998-00,244.99
bayern de munique,away,1997-99,229.99
bayern de munique,home,1995-97,229.99
milan,home,2011-12,259.99
milan,home,2003-04,229.99
juventus,home,1999-00,259.99
juventus,third,2004-05,229.99
juventus,home,2002-03,229.99
inter de milão,away,2010-11,259.99
inter de milão,third,1997-98,229.99
inter de milão,away,1998-99,229.99
inter de milão,home,2010-11,229.99
fiorentina,away,1998-99,229.99
brescia,home,2003-04,244.99
real madrid,home,2004-05,244.99
real madrid,home,2006-07,244.99
real madrid,third,2012-13,279.99
real madrid,home,2012-13,279.99
real madrid,home,2009-10,259.99
real madrid,home,2019-20,259.99
real madrid,home,2010-11,229.99
real madrid,home,2011-12,249.99
real madrid,home,2014-15,249.99
real madrid,home,2012-13,229.99
real madrid,home,2017-18,229.99
real madrid,away,2017-18,249.99
real betis,home,1996-97,229.99
barcelona,home,2011-12,259.99
barcelona,home,1998-99,229.99
barcelona,away,2013-14,229.99
west ham,home,1995-97,229.99
tottenham,away,1994-95,229.99
manchester united,away,2012-13,259.99
manchester united,home,1994-96,259.99
manchester united,home,2003-04,259.99
manchester united,away,2006-07,229.99
manchester united,home,2011-12,229.99
manchester united,home,1994-96,229.99
manchester united,away,1998-99,249.99
manchester united,away,1998-99,229.99
liverpool,home,2010-11,244.99
liverpool,home,2006-08,244.99
liverpool,home,1995-96,229.99
liverpool,away,2009-10,229.99
liverpool,home,2014-15,229.99
chelsea,home,2008-09,229.99
arsenal,away,1999-01,244.99
arsenal,home,2000-02,229.99
arsenal,away,1999-01,229.99
arsenal,home,1990-92,229.99
itália,away,1994,229.99
cremonese,away,2025-26,189.99
flamengo identidade marrom,,2025,189.99
barcelona,third,2025-26,229.99
vasco,third,2025-26,189.99
vasco,home,2025-26,189.99
racing,home,2025-26,229.99
flamengo azul,,2025-26,189.99
barcelona treino,,2025-26,229.99
alemanha,home,2026-27,229.99
santos,home,2025-26,279.99
venezia,away,2025-26,189.99
venezia,home,2025-26,189.99
como,home,2025-26,189.99
liverpool,away,1993-95,249.99
real madrid,home,2025-26,189.99
barcelona,third,2025-26,264.99
chelsea,third,2025-26,229.99
corinthians,away,2025-26,189.99
corinthians,home,2025-26,189.99
barcelona,home,2025-26,189.99
lazio,home,2025-26,189.99
real madrid icon,,2025-26,189.99
napoli,third,2025-26,229.99
everton,home,2025-26,189.99
barcelona,third,2025-26,189.99
america,home,2025-26,229.99
psg,third,2025-26,229.99
,home,1860,189.99
monaco,away,2025-26,189.99
boca juniors icon,,2025-26,189.99
crystal palace,home,2025-26,189.99
west ham,away,2025-26,189.99
west ham,home,2025-26,189.99
west ham,third,2025-26,189.99
everton,away,2025-26,189.99
psg,third,2025-26,189.99
bayern de munique lifestyle,,2024-25,229.99
argetina edição especial 50 anos,,,189.99
holanda,away,2024-25,229.99
palmeiras,away,2025-26,189.99
palmeiras,home,2025-26,189.99
roma,third,2025-26,229.99
newcastle,third,2025-26,229.99
köln,home,2025-26,189.99
real betis,home,2025-26,219.99
manchester united goleiro verde,,2025-26,189.99
chelsea,home,2007-08,259.99
manchester united,home,2017-18,259.99
barcelona,home,2014-15,259.99
manchester united,home,2025-26,229.99
barcelona,home,2025-26,264.99
milan,home,2025-26,229.99
fenerbahçe,home,2025-26,189.99
borussia dortmund,home,2025-26,229.99
real madrid,home,2011-12,279.99
west ham,home,2025-26,189.99
napoli,home,2025-26,229.99
afc richmond,away,2023-24,189.99
chelsea,away,2025-26,189.99
river plate,away,2025-26,229.99
olympique de marseille,home,2025-26,229.99
olympique de marseille,home,2025-26,189.99
real madrid,home,2025-26,249.99
porto,home,2025-26,189.99
sporting,home,2025-26,189.99
benfica,away,2025-26,189.99
aston villa,away,2025-26,229.99
aston villa,away,2025-26,189.99
aston villa,home,2025-26,189.99
athletic bilbao,home,2025-26,189.99
real madrid goleiro preta,,2025-26,189.99
schalke 04,away,2024-25,189.99
newcastle,home,2025-26,189.99
inter de milão,away,2025-26,229.99
manchester united,home,2004-06,259.99
psg,home,2024-25,244.99
bayern de munique,away,2025-26,229.99
manchester city,home,2025-26,229.99
manchester city,home,2025-26,189.99
chelsea,home,2009-10,244.99
noruega,away,2024-25,229.99
suécia,away,2024-25,189.99
suécia,home,2024-25,189.99
islândia,home,2024-25,189.99
dinamarca,home,2024-25,189.99
alemanha comemorativa 125 anos m/l,,,229.99
flamengo,away,2025-26,239.99
manchester united goleiro,,2024-25,229.99
borussia dortmund edição especial,,2025,229.99
manchester united icon,,2025,189.99
portugal,away,2025-26,189.99
millwall,home,2024-25,189.99
real madrid,home,2015-16,249.99
manchester united,home,2021-22,269.99
barcelona,third,2016-17,259.99
brighton,home,2024-25,189.99
real madrid,home,2010-11,279.99
argentina originals t-shirt,,,229.99
arsenal originals t-shirt vermelha,,,229.99
sassuolo,home,2024-25,189.99
manchester united x george best,,2024-25,229.99
manchester united,home,2004-06,279.99
chelsea,home,2006-08,244.99
barcelona,third,2014-15,229.99
uruguai,home,2024-25,229.99
venezia goleiro,,2024-25,189.99
juventus,home,2024-25,189.99
rayo vallecano,third,2024-25,189.99
rayo vallecano,away,2024-25,189.99
barcelona,third,2024-25,189.99
osasuna,away,2024-25,189.99
los angeles galaxy,third,2024-25,189.99
barcelona x coldplay,,2024-25,224.99
chelsea treino azul,,2024-25,229.99
liverpool treino azul,,2024-25,189.99
liverpool,third,2024-25,249.99
arsenal,third,2024-25,249.99
bayer leverkusen,away,2024-25,219.99
inter miami,,2024,189.99
aston villa,away,2024-25,189.99
newcastle,third,2024-25,229.99
juventus,home,2024-25,249.99
inter de milão,home,2004-05,259.99
ajax,home,2024-25,229.99
galatasaray,away,2024-25,189.99
hertha berlin,home,2024-25,189.99
stuttgart,home,2024-25,189.99
bologna,home,2024-25,189.99
wolverhampton,home,2024-25,189.99
real betis,away,2024-25,189.99
osasuna,home,2024-25,189.99
west ham,away,2024-25,189.99
inter de milão,home,2004-05,279.99
bayern de munique,home,2014-15,259.99
schalke 04,home,2010-11,259.99
milan,away,2024-25,229.99
getafe,home,2024-25,189.99
valencia,home,2024-25,189.99
fenerbahçe,home,2024-25,189.99
porto,third,2024-25,189.99
leeds united,home,2024-25,189.99
arsenal treino azul,,2024-25,229.99
real madrid,away,2024-25,244.99
tottenham,home,2024-25,229.99
hoffenheim,home,2024-25,189.99
real madrid,home,2024-25,244.99
bayern de munique,home,2024-25,229.99
argentina,away,2024-25,244.99
arsenal conjunto de treino azul/amarelo,,2024-25,369.99
barcelona conjunto de treino bordo,,2024-25,369.99
barcelona conjunto de treino dourado,,2024-25,349.99
inter de milão conjunto de treino cinza,,2024-25,349.99
real madrid conjunto de treino preto,,2024-25,349.99
arsenal conjunto de treino vermelho,,2024-25,349.99
real madrid conjunto de treino verde água,,2024-25,349.99
los angeles lakers,,,229.99
estados unidos,home,2024-25,229.99
polônia,away,2024-25,189.99
polônia,home,2024-25,189.99
turquia,away,2024-25,189.99
noruega,home,2024-25,189.99
espanha,home,2024-25,189.99
real madrid,home,2023-24,219.99
arsenal,home,2024-25,219.99
brasil conjunto de treino azul,,2024-25,369.99
inglaterra conjunto de treino branco,,2024-25,369.99
méxico conjunto de treino verde,,2024-25,369.99
colombia conjunto de treino preto,,2024-25,349.99
frança conjunto de treino azul claro,,2024-25,349.99
inglaterra conjunto de treino azul,,2024-25,349.99
alemanha conjunto de treino preto,,2024-25,349.99
argentina conjunto de treino dourado,,2024-25,349.99
argentina conjunto de treino preto,,2024-25,349.99
brasil conjunto de treino azul,,2024-25,349.99
itália conjunto de treino azul,,2024-25,349.99
nigeria,home,2024-25,189.99
portugal,home,2006-07,249.99
real madrid,home,2023-24,204.99
palmeiras somos sociedade,,2024-25,189.99
flamengo,home,2024-25,229.99
flamengo treino cinza,,2024-25,189.99
brasil,away,2024-25,229.99
bélgica,home,2024-25,229.99
liverpool,home,2010-11,249.99
real betis,home,1995-97,249.99
al nassr,home,2023-24,254.99
kit barcelona regata + short,,,239.99
real madrid,away,2011-12,229.99
real madrid,third,2011-12,244.99
real madrid,home,1998-00,244.99
real madrid,home,2009-10,259.99
frança,home,2018-19,259.99
real madrid,third,2013-14,229.99
jaqueta bobojaco puffer psg,,,329.99
milan,home,2007-88,264.99
jaqueta corta vento psg,,,259.99
real madrid,away,2010-11,249.99
barcelona,third,2018-19,244.99
barcelona,away,2016-17,244.99
real madrid,away,2017-18,279.99
juventus x palace,,2019-20,259.99
milan,home,1995-96,259.99
manchester united,home,2002-04,249.99
barcelona,home,2014-15,249.99
phoenix suns association,,2022-23,229.99
atlanta hawks city edition,,2022-23,229.99
real madrid,home,2003-04,229.99
real madrid,away,2010-11,279.99
real madrid,home,2016-17,249.99
arsenal,home,2000-02,249.99
milan,home,2012-13,229.99
milan,home,2011-12,259.99
arsenal,away,2005-06,259.99
arsenal,away,2005-06,229.99
milan,home,2007-08,249.99
real madrid,third,2016-17,264.99
alemanha,away,2014,234.99
toronto raptors city edition,,2022-23,229.99
brooklyn nets classic edition,,2022-23,229.99
brooklyn nets statement,,2022-23,229.99
miami heat icon,,2022-23,229.99
miami heat association,,2022-23,229.99
chicago bulls city edition,,2022-23,229.99
milwaukee bucks icon,,2022-23,229.99
philadelphia 76ers city edition,,2022-23,229.99
philadelphia 76ers statement,,2022-23,229.99
philadelphia 76ers icon,,2022-23,229.99
golden state warriors statement,,2022-23,229.99
golden state warriors association,,2022-23,229.99
los angeles lakers association,,2022-23,229.99
portugal,home,2010-11,244.99
portugal,home,2014-15,229.99
portugal,away,2012-13,249.99
portugal,away,2012-13,229.99
nigéria,away,1996,229.99
itália,home,2000-01,229.99
itália,away,1996-97,229.99
irlanda do sul,home,1990-92,229.99
inglaterra,home,2006-07,244.99
inglaterra,home,2002-03,249.99
inglaterra,home,1996-97,229.99
holanda,home,2010,229.99
frança,home,2006-07,259.99
frança,home,2006-07,244.99
frança,home,1996-97,229.99
frança,home,2000-01,229.99
frança,home,2004-05,229.99
escócia,home,1992-93,229.99
escócia,home,1994-96,229.99
dinamarca,away,1998-99,244.99
brasil,home,2004,244.99
argentina,away,2006,244.99
argentina,away,2014,229.99
argentina,home,2006,229.99
alemanha,home,1994,244.99
alemanha,home,1994,229.99
alemanha,home,1996,229.99
river plate,home,2008-09,249.99
rangers,home,1996-97,229.99
new york city,home,2015,244.99
celtic,home,2010-12,229.99
celtic,home,2012-13,229.99
boca juniors,home,2011-12,244.99
psg,home,2012-13,259.99
psg white,,2018-19,259.99
olympique de marsellie,home,2005-06,229.99
roma,home,2005-06,229.99
roma,away,2000-01,229.99
parma,home,1999-00,244.99
parma,away,2002-03,259.99
napoli,home,1988-89,229.99
milan,home,2010-11,259.99
milan,home,2009-10,244.99
milan,home,1999-00,259.99
milan,home,1996-97,259.99
milan,away,2002-03,229.99
milan,home,2002-03,229.99
milan,away,2011-12,229.99
milan,away,2013-14,229.99
lazio,home,1999-00,229.99
lazio,away,1998-00,229.99
juventus,away,1995-97,244.99
inter de milão,home,1998-99,259.99
inter de milão,home,1998-99,229.99
inter de milão,home,2002-03,229.99
fiorentina,home,1997-98,229.99
valencia,home,2003-04,244.99
valencia,home,2009-10,229.99
real madrid,home,2002-03,259.99
real madrid,away,2005-06,259.99
real madrid,home,2000-01,244.99
real madrid,home,2005-06,279.99
real madrid,away,2014-15,259.99
real madrid,away,2016-17,279.99
real madrid,home,2014-15,279.99
real madrid,home,2017-18,279.99
real madrid,away,2009-10,229.99
real madrid,home,1996-97,229.99
real madrid,third,1998-99,229.99
real madrid,home,2001-02,249.99
real madrid,away,2004-05,229.99
real madrid,away,2005-06,229.99
real madrid,third,2012-13,249.99
real madrid,home,2013-14,249.99
real madrid,away,2017-18,229.99
barcelona,home,2015-16,259.99
barcelona,home,2009-10,259.99
barcelona,home,2011-12,259.99
barcelona,away,2010-11,244.99
barcelona,home,2003-04,229.99
barcelona,home,2007-08,229.99
barcelona,away,2008-09,229.99
atlético de madrid,away,2004-05,244.99
atlético de madrid,away,2004-05,229.99
west ham,away,1995-97,264.99
tottenham,away,2018-19,259.99
manchester united,home,2011-12,259.99
manchester united,home,2011-12,259.99
manchester united,home,2010-11,259.99
manchester united,away,2002-03,244.99
manchester united,home,2007-08,259.99
manchester united,home,2013-14,259.99
manchester united,home,2004-06,279.99
manchester united,away,2006-07,259.99
manchester united,away,2018-19,229.99
manchester united,home,2009-10,229.99
manchester united,home,2004-06,229.99
manchester united,third,1993-94,229.99
liverpool,home,2006-08,279.99
liverpool,home,2008-10,244.99
liverpool,third,1994-95,229.99
liverpool,home,1996-97,229.99
liverpool,away,1999-00,229.99
chelsea,home,2008-09,244.99
chelsea,home,2003-05,259.99
chelsea,away,2003-05,259.99
chelsea,home,2011-12,239.99
chelsea,away,2003-05,229.99
blackburn,home,1994-95,264.99
arsenal,away,2000-01,229.99
arsenal,away,1994-95,229.99
arsenal,away,1997-98,229.99
sevilla,third,2025-26,189.99
portugal,home,2025-26,189.99
itália,home,1994,229.99
juventus,third,2025-26,189.99
liverpool,third,2025-26,189.99
roma,home,2025-26,189.99
arsenal,home,2025-26,229.99
inter de milão,home,2025-26,229.99
chelsea,home,2025-26,229.99
barcelona,home,2025-26,229.99
tottenham,away,2025-26,189.99
venezia,away,2025-26,229.99
flamengo,home,2025,189.99
flamengo,third,2025,189.99
flamengo,away,2025,229.99
flamengo beisebol,,2025,229.99
flamengo treino azul,,2025,189.99
arsenal terrace icons,,2025,189.99
barcelona,home,2024-25,229.99
newcastle,home,2024-25,229.99
manchester city,away,2024-25,189.99
real madrid,home,2023-24,239.99
barcelona  travis scott,away,2024,189.99
portugal,,2012,279.99
botafogo,third,2025-26,189.99
botafogo,away,2025-26,189.99
botafogo,home,2025-26,189.99
psg,home,2025-26,189.99
chelsea,third,2025-26,229.99
arsenal,home,1992-94,229.99
manchester united,away,2007-08,244.99
vasco,away,2025-26,189.99
vasco edição especial,,1974,189.99
flamengo goleiro vermelha,,2025-26,189.99
real madrid,third,2025-26,249.99
manchester united originals t-shirt,,2024-25,229.99
real madrid,home,2025-26,239.99
inter de milão,home,2009-10,229.99
barcelona,home,1999,229.99
inglaterra,home,2024-25,189.99
manchester united,away,2024-25,189.99
manchester united,third,2025-26,229.99
barcelona,away,2005-06,229.99
holanda,home,1998,229.99
flamengo goleiro rosa,,2025-26,189.99
bayern de munique,home,2025-26,264.99
real madrid,away,2025-26,229.99
real madrid,home,2025-26,229.99
chelsea,third,2025-26,229.99
santos,away,2025-26,229.99
santos,home,2025-26,229.99
manchester united,,1991,229.99
real madrid,away,2017-18,299.99
bayern de munique icon,,2025-26,189.99
flamengo,away,2001,229.99
chelsea,third,2025-26,229.99
chelsea,third,2025-26,259.99
portugal,home,2010,279.99
milan,third,2025-26,229.99
milan,third,2025-26,189.99
rb leipzig,home,2025-26,229.99
galatasaray,away,2025-26,229.99
galatasaray,home,2025-26,229.99
brighton,home,2025-26,189.99
bournemouth,home,2025-26,189.99
valencia,home,2025-26,189.99
real sociedad,home,2025-26,189.99
real valladolid,home,2025-26,189.99
rayo vallecano,home,2025-26,189.99
real zaragoza,home,2025-26,189.99
sevilla,home,2025-26,189.99
los angeles fc,home,2025-26,189.99
vancouver whitecaps,home,2025-26,189.99
venezia,home,2025-26,229.99
paris fc,away,2025-26,189.99
paris fc,home,2025-26,189.99
milan,home,2009-10,249.99
real madrid,away,2017-18,299.99
barcelona,third,2014-15,259.99
manchester united lifestyle,,2024-25,229.99
corinthians,third,2024-25,229.99
psg,away,2024-25,229.99
psg,home,2024-25,249.99
santos charlie brown - pronta entrega,,,229.99
botafogo,home,2024-25,189.99
holanda,away,2024-25,189.99
palmeiras,third,2024-25,189.99
roma,away,2025-26,189.99
monaco,away,2024-25,189.99
sporting,away,2025-26,189.99
southampton,away,2025-26,189.99
southampton,home,2025-26,189.99
ipswich town,home,2025-26,189.99
schalke 04,away,2025-26,189.99
manchester city,third,2025-26,229.99
manchester united  ucl,home,2006-07,279.99
real madrid,home,2015-16,259.99
real madrid,home,2017-18,259.99
arsenal,home,2011-12,259.99
manchester united,home,2022-23,259.99
liverpool,home,2008-09,259.99
chelsea,away,2012-13,259.99
manchester city,away,2015-16,259.99
manchester city,away,2015-16,259.99
chelsea,home,2016-17,259.99
manchester city,home,2015-16,259.99
real madrid,home,2012-13,259.99
juventus,home,2018-19,259.99
real madrid,away,2015-16,259.99
barcelona,home,2015-16,259.99
liverpool,home,2018-19,259.99
manchester united,home,2003-04,259.99
manchester united,away,2003-04,259.99
real madrid,home,2015-16,259.99
portugal,home,2020-21,259.99
liverpool,home,2013-14,259.99
milan,home,2007-08,259.99
atlético de madrid,home,2025-26,249.99
manchester city,away,2025-26,229.99
arsenal,home,2025-26,189.99
arsenal,away,2025-26,189.99
real madrid,third,2025-26,229.99
liverpool,away,2025-26,229.99
leeds united,home,2025-26,189.99
america,away,2025-26,189.99
america,home,2025-26,189.99
newcastle,away,2025-26,229.99
newcastle,away,2025-26,189.99
arsenal,home,2025-26,264.99
arsenal,away,2025-26,229.99
arsenal,away,2025-26,189.99
celtic,away,2025-26,189.99
milan,home,2025-26,249.99
bayern de munique,home,2025-26,249.99
aberdeen,home,2025-26,189.99
galatasaray,away,2025-26,189.99
galatasaray,home,2025-26,189.99
aston villa,home,2025-26,229.99
juventus baseball,,2025-26,229.99
los angeles galaxy,away,2025-26,189.99
psg,home,2001-02,229.99
real madrid,third,2011-12,269.99
bayern de munique,home,2025-26,189.99
psg,home,2025-26,189.99
sporting,home,2025-26,189.99
chelsea,home,2025-26,189.99
manchester united,home,2025-26,189.99
borussia dortmund copa do mundo de clubes,,2025,189.99
bayern de munique,away,2025-26,249.99
manchester city,home,2025-26,249.99
real madrid,away,2025-26,249.99
atalanta,home,2025-26,189.99
olympique de marseille,away,2025-26,189.99
athletic bilbao,away,2025-26,189.99
bayer leverkusen,home,2025-26,189.99
porto,away,2025-26,189.99
benfica,home,2025-26,189.99
real madrid  - edição especial modrić #10,home,,209.99
paris fc,away,2025-26,229.99
losc lille,home,2025-26,189.99
lyon,away,2025-26,189.99
strasbourg,home,2025-26,189.99
stade rennais,home,2025-26,189.99
manchester city,away,2025-26,189.99
nottingham forest,away,2025-26,189.99
deportivo de la coruña edição especial 25 anos m/l,,,219.99
psg campeões da europa - estrela torre eiffel,,,214.99
tottenham,home,2025-26,229.99
aberdeen,away,2025-26,189.99
juventus,home,2025-26,229.99
girona,home,2025-26,189.99
chelsea,home,2025-26,229.99
rangers,home,2025-26,189.99
juventus,home,2025-26,189.99
barcelona,away,2024-25,214.99
inglaterra,away,2024-25,189.99
real madrid,home,2024-25,254.99
internacional,home,2025-26,229.99
manchester united,away,1998-99,229.99
borussia dortmund edição especial,,2025,189.99
milan,home,2024-25,189.99
flamengo polo azul claro,,2025,189.99
barcelona,away,2013-14,259.99
barcelona,away,2014-15,259.99
palermo,home,2024-25,189.99
getafe,home,2009-10,229.99
getafe,home,2009-10,244.99
los angeles galaxy,home,2024-25,189.99
arsenal,away,2001-02,244.99
málaga,home,2012-13,244.99
manchester united,away,2012-13,259.99
barcelona,home,2006-07,259.99
chelsea,home,2006-08,244.99
botafogo,home,2024-25,229.99
holanda,home,2014-15,229.99
girona,away,2024-25,189.99
rayo vallecano,home,2024-25,189.99
real madrid,away,2024-25,229.99
barcelona,third,2024-25,229.99
real zaragoza,away,2024-25,189.99
granada,home,2024-25,189.99
sporting gijón,home,2024-25,189.99
liverpool treino verde,,2024-25,229.99
arsenal treino preta,,2024-25,189.99
luton town,home,2024-25,189.99
manchester united,away,2024-25,229.99
nottingham forest,third,2024-25,189.99
sheffield united,away,2024-25,189.99
sheffield united,home,2024-25,189.99
barcelona,third,2017-18,259.99
arsenal,home,2014-15,259.99
manchester city,away,2024-25,189.99
southampton,home,2024-25,189.99
leicester city,away,2024-25,189.99
everton,away,2024-25,189.99
leeds united,away,2024-25,189.99
brighton,away,2024-25,189.99
nottingham forest,away,2024-25,189.99
parma,home,2024-25,189.99
milan,home,2024-25,249.99
al ittihad,home,2024-25,229.99
atalanta,away,2024-25,189.99
barcelona fourth,,2024-25,189.99
valencia,away,2024-25,189.99
girona,away,2024-25,189.99
osasuna,third,2024-25,189.99
deportivo de la coruña,away,2024-25,189.99
deportivo de la coruña,home,2024-25,189.99
real valladolid,third,2024-25,189.99
real valladolid,away,2024-25,189.99
real betis,away,2024-25,189.99
jamaica,away,2024-25,189.99
milan,home,2007,259.99
celtic,away,2024-25,189.99
losc lille,away,2024-25,189.99
monaco,home,2024-25,189.99
borussia dortmund copa,,2024-25,189.99
bayer leverkusen,home,2024-25,229.99
bayer leverkusen,away,2024-25,229.99
bayern de munique,away,2024-25,229.99
frankfurt,home,2024-25,189.99
fulham,home,2024-25,189.99
norwich city,home,2024-25,189.99
crystal palace,away,2024-25,189.99
sunderland,away,2024-25,189.99
villarreal,home,2024-25,189.99
barcelona,home,2024-25,229.99
leicester city,home,2024-25,189.99
manchester united,home,2016-17,259.99
milan,home,2008-09,259.99
girona,home,2024-25,189.99
fenerbahçe,away,2024-25,189.99
arsenal,home,2024-25,249.99
real madrid,away,2024-25,249.99
liverpool,home,2024-25,249.99
real madrid,away,2024-25,244.99
lyon,home,2024-25,189.99
juventus,home,2024-25,229.99
tottenham,away,2024-25,229.99
tottenham,away,2024-25,189.99
birmingham city,home,2024-25,189.99
porto,away,2024-25,189.99
cádiz,home,2024-25,189.99
bayern de munique conjunto de treino vermleho,,2024-25,369.99
real madrid conjunto de treino azul,,2024-25,369.99
real madrid conjunto de treino branco,,2024-25,369.99
tottenham conjunto de treino azul,,2024-25,369.99
psg conjunto de treino vinho,,2024-25,349.99
chelsea conjunto de treino azul claro,,2024-25,349.99
inter de milão conjunto de treino azul,,2024-25,349.99
inter de milão conjunto de treino preto,,2024-25,349.99
tottenham conjunto de treino verde,,2024-25,349.99
psg conjunto de treino rosa,,2024-25,349.99
psg conjunto de treino,,2024-25,349.99
barcelona conjunto de treino cinza,,2024-25,349.99
psg conjunto de treino preto/dourado,,2024-25,349.99
atlético de madrid conjunto de treino cinza,,2024-25,349.99
psg conjunto de treino preto/roxo,,2024-25,349.99
polônia,home,2024-25,229.99
turquia,home,2024-25,189.99
espanha,away,2024-25,189.99
frança conjunto de treino azul,,2024-25,369.99
argentina conjunto de treino azul,,2024-25,369.99
brasil conjunto de treino verde,,2024-25,369.99
frança conjunto de treino azul escuro,,2024-25,349.99
inglaterra conjunto de treino vinho,,2024-25,349.99
holanda conjunto de treino laranja,,2024-25,349.99
holanda conjunto de treino preto,,2024-25,349.99
brasil conjunto de treino amarelo,,2024-25,349.99
portugal conjunto de treino vermelho,,2024-25,349.99
portugal conjunto de treino verde,,2024-25,349.99
itália conjunto de treino preto,,2024-25,349.99
itália conjunto de treino branco,,2024-25,349.99
manchester united,home,2016-17,259.99
flamengo,home,2024-25,259.99
flamengo treino amarela,,2024-25,189.99
flamengo,away,2024-25,239.99
itália,home,2012-13,229.99
espanha,home,2012-13,229.99
barcelona,third,2016-17,229.99
itália,away,2024-25,229.99
estados unidos,home,2024-25,229.99
alemanha,home,2024-25,229.99
bélgica,away,2024-25,229.99
frança,away,2024-25,229.99
barcelona,away,2013-14,229.99
real madrid,away,2011-12,249.99
real madrid,third,2016-17,244.99
real madrid,third,2011-12,264.99
real madrid,away,2016-17,259.99
villarreal,home,2005-06,245.0
espanha,away,2010,249.99
barcelona,third,2018-19,229.99
real madrid,third,2013-14,249.99
jaqueta manchester city azul,,,329.99
manchester united,away,2013-14,259.99
jaqueta corta vento barcelona,,,259.99
real madrid,away,2010-11,229.99
barcelona,home,2019-20,244.99
barcelona,home,2013-14,259.99
barcelona,away,2008-09,259.99
portugal,home,2016-17,249.99
denver nuggets statement edition,,2022-23,229.99
denver nuggets association edition,,2022-23,229.99
denver nuggets city edition,,2022-23,229.99
new york city,home,2015,229.99
barcelona,home,2011-12,244.99
arsenal,home,2002-04,244.99
arsenal,away,2002-03,229.99
inter,away,2008-09,259.99
brasil goleiro centenário,,2004,249.99
psg,away,2001-02,229.99
celta de vigo,home,2003-04,229.99
fiorentina,away,1999-00,229.99
milan,home,2011-12,259.99
real madrid,home,2012-13,264.99
manchester united,away,2012-13,244.99
inter de milão,home,2010-11,244.99
real madrid,third,2013-14,229.99
phoenix suns icon,,2022-23,229.99
phoenix suns statement,,2022-23,229.99
cleveland cavaliers statement edition,,2022-23,229.99
atlanta hawks icon edition,,2022-23,229.99
atlanta hawks association edition,,2022-23,229.99
atlanta hawks statement edition,,2022-23,229.99
boston celtics city edition,,2022-23,229.99
boston celtics city edition,,2022-23,229.99
bayern de munique,home,2012-13,279.99
manchester united goleiro,,1998-99,279.99
manchester united,away,2002-03,259.99
real madrid,third,2016-17,249.99
milan,away,2007-08,229.99
alemanha,home,2014,244.99
real madrid,away,2012-13,264.99
real madrid,home,2010-11,264.99
al nassr,away,2022-23,214.99
kaizer chiefs,home,1998-99,229.99
toronto raptors statement,,2022-23,229.99
brooklyn nets icon,,2022-23,229.99
brooklyn nets association,,2022-23,229.99
miami heat classic edition,,2022-23,229.99
miami heat statement,,2022-23,229.99
chicago bulls statement,,2022-23,229.99
chicago bulls icon,,2022-23,229.99
chicago bulls association,,2022-23,229.99
milwaukee bucks city edition,,2022-23,229.99
milwaukee bucks statement,,2022-23,229.99
philadelphia 76ers association,,2022-23,229.99
los angeles lakers city edition,,2022-23,229.99
memphis grizzlies city edition,,2022-23,229.99
memphis grizzlies association,,2022-23,229.99
portugal,away,2015-16,229.99
portugal,home,2004-05,229.99
méxico,away,2006,229.99
méxico,away,1998-99,229.99
itália,away,2006-07,229.99
itália,away,1998-99,229.99
itália,home,1998-99,229.99
itália,home,1996-97,229.99
irlanda do sul,home,1994,229.99
inglaterra,home,2009-10,244.99
inglaterra,home,2004-05,229.99
holanda,home,2008-09,259.99
holanda,home,2002-03,229.99
frança,home,2006-07,229.99
frança,home,2002-03,229.99
espanha,home,2002-03,229.99
escócia,away,1994,229.99
escócia,home,1998-00,229.99
escócia,away,1996-98,229.99
dinamarca,home,1992-93,229.99
croácia,home,2002-03,229.99
brasil,away,2006,259.99
brasil,away,2006-07,229.99
brasil,away,2004-05,229.99
brasil,away,2010-11,229.99
argentina,home,2010,229.99
alemanha gk,,2002,229.99
alemanha,home,1998,229.99
alemanha,home,2015,229.99
sporting,home,2001-03,229.99
los angeles galaxy,home,2007-08,244.99
los angeles galaxy,home,2012,229.99
los angeles galaxy,home,2007-08,229.99
boca juniors,home,2003-04,249.99
benfica,away,2009-10,259.99
benfica,away,2004-05,229.99
ajax,home,1995-96,229.99
ajax,away,1995-97,229.99
ajax,away,2000-01,229.99
flamengo,third,2007-08,229.99
psg,home,2013-14,244.99
psg,home,2012-13,244.99
psg,home,2013-14,229.99
psg,home,2012-13,229.99
psg,away,2006-07,229.99
olympique de marsellie,home,2002-03,229.99
borussia dortmund,home,2002-03,229.99
borussia dortmund,home,2000-01,229.99
bayern de munique,third,2014-15,259.99
bayern de munique,home,2010-11,259.99
bayern de munique,home,2010-11,249.99
bayern de munique,third,2014-15,229.99
bayern de munique,home,1993-95,229.99
roma,home,2005-06,229.99
parma,home,2001-02,259.99
parma,away,2002-03,259.99
parma,home,1993-94,229.99
parma,home,2001-02,229.99
milan,third,2011-12,259.99
milan,third,2011-12,259.99
milan,away,2011-12,259.99
milan,home,2010-11,244.99
milan,home,2007,259.99
milan,home,2007,244.99
milan,away,2006-07,259.99
milan,home,2011-12,259.99
milan,home,2002-03,259.99
milan,home,2002-03,259.99
milan,home,2002-03,244.99
milan,home,1999-00,249.99
milan,away,1996-97,229.99
lazio,away,1999-00,229.99
lazio,home,1999-00,229.99
lazio,away,2000-01,229.99
juventus,home,1997-98,244.99
juventus,home,2011-12,259.99
juventus,away,2011-12,244.99
juventus,away,2011-12,229.99
juventus,home,2011-12,229.99
juventus,home,2005-06,229.99
juventus,away,1994-95,229.99
juventus,home,1994-95,229.99
inter de milão,home,2001-02,244.99
inter de milão,home,1998-99,259.99
inter de milão,away,2010-11,259.99
inter de milão,home,2002-03,244.99
inter de milão,home,1988-90,229.99
inter de milão,away,1990-91,229.99
inter de milão,away,1997-98,229.99
brescia,away,2003-04,244.99
valencia,home,2006-07,244.99
valencia,home,2009-10,244.99
valencia,home,2003-04,229.99
real madrid gk preta,,2011-12,259.99
real madrid gk amarela,,2011-12,259.99
real madrid,home,2001-02,259.99
real madrid,home,2005-06,259.99
real madrid,home,2005-06,259.99
real madrid,home,1997-98,259.99
real madrid,home,2006-07,259.99
real madrid,home,2011-12,259.99
real madrid,home,2017-18,279.99
real madrid,home,1994-96,244.99
real madrid,away,2009-10,259.99
real madrid,away,2012-13,259.99
real madrid,home,2010-11,259.99
real madrid,home,2010-11,279.99
real madrid,home,2013-14,279.99
real madrid,home,2017-18,279.99
real madrid,home,2012-13,259.99
real madrid,home,2010-11,249.99
real madrid,home,1994-96,229.99
real madrid,home,2004-05,229.99
real madrid,home,2005-06,249.99
real madrid,home,2009-10,229.99
real madrid,away,2012-13,229.99
real madrid,home,2015-16,229.99
real madrid,home,2019-20,229.99
real betis,home,2003-04,244.99
real betis,home,1999-00,244.99
real betis,home,2003-04,229.99
barcelona,home,2005-06,259.99
barcelona,home,2010-11,279.99
barcelona,home,1997-98,259.99
barcelona,home,2005-06,244.99
barcelona,home,2009-10,259.99
barcelona,home,2016-17,259.99
barcelona,away,2008-09,244.99
barcelona,home,1990-92,229.99
barcelona,away,1997-98,229.99
west ham,home,1995-97,259.99
west ham,away,1995-97,229.99
tottenham,away,1992-94,229.99
newcastle,home,2005-06,259.99
newcastle,home,1997-99,279.99
newcastle,home,2005-06,244.99
newcastle,home,2000-01,229.99
manchester united,away,2008-09,259.99
manchester united,home,2004-06,259.99
manchester united,away,2002-03,259.99
manchester united,home,2012-13,259.99
manchester united,away,2010-11,259.99
manchester united,home,2010-11,259.99
manchester united,away,2008-09,279.99
manchester united,home,2010-11,229.99
manchester united,away,2010-11,229.99
manchester united,away,2002-03,229.99
manchester united,away,1992-93,229.99
manchester united,home,1996-97,229.99
manchester city,home,2011-12,259.99
manchester city,home,2007-08,229.99
manchester city,away,1998-99,229.99
manchester city,home,2011-12,229.99
liverpool,away,2009-10,259.99
liverpool,home,2004-05,259.99
liverpool,home,2004-05,259.99
liverpool,home,2008-10,259.99
liverpool,home,2008-10,244.99
liverpool,home,1996-97,244.99
liverpool,away,1996-97,244.99
liverpool,away,2009-10,244.99
liverpool,away,2009-10,244.99
liverpool,home,1992-93,229.99
liverpool,away,1995-96,229.99
liverpool,home,1998-99,229.99
liverpool,away,2000-01,229.99
liverpool,home,2004-05,229.99
liverpool,home,2008-10,229.99
leeds,home,2000-01,229.99
chelsea,home,2003-05,244.99
chelsea,home,2003-05,259.99
chelsea,home,2008-09,259.99
chelsea,home,2008-09,259.99
chelsea,away,1998-00,259.99
chelsea,home,1996-97,259.99
chelsea,home,1999-01,259.99
chelsea,home,1996-97,229.99
chelsea,away,2003-05,249.99
manchester united,home,2007-08,279.99
manchester united,home,2021-22,249.99
bayern de munique,third,2024-25,219.99
juventus,third,2024-25,219.99
portugal,home,2004-05,249.99
sporting,home,2001,234.99
manchester city ano novo chinês - pronta entrega,,,179.99
manchester united,home,2008-09,249.99
juventus,third,2024-25,179.99
al nassr,home,2023-24,184.99
napoli,home,2023-24,169.99
roma,home,2023-24,224.99
bayern de munique,third,2025-26,229.99
manchester city,away,2025-26,189.99
flamengo,away,2025,189.99
boca juniors,home,2025-26,229.99
flamengo,home,2025-26,189.99
real madrid,third,2025-26,189.99
manchester united,home,2005,259.99
liverpool,home,2024-25,209.99
flamengo,third,2025-26,239.99
juventus,third,2024-25,229.99
méxico gold,,2025-26,229.99
flamengo,home,2008-09,219.99
bayern de munique terrace icons,,2025,199.99
benfica terrace icons,,2025,199.99
arsenal terrace icons,,2025,199.99
frança,home,2024-25,179.99
real madrid,home,2002-03,259.99
brasil,home,2002,219.99
flamengo,home,2002-03,219.99
argentina,away,1994,229.99
liverpool,home,2018-19,219.99
boca juniors,home,2025-26,219.99
america,home,2025-26,219.99
méxico gold,,2025-26,219.99
nantes,away,2024-25,179.99
inter de milão,home,2004-05,249.99
arsenal,home,2004-05,259.99
corinthians,away,2024-25,229.99
barcelona,home,2005-06,249.99
psg x jordan,,2024-25,179.99
inter de milão centenário,,2007-08,219.99
argetina edição especial 50 anos versão jogador - pronta entrega,,,219.99
real madrid,home,2017-18,259.99
flamengo lifestyle,,2024-25,189.99
camisa de viagem alemanha,,2024-25,179.99
manchester united,home,2007-08,249.99
real madrid,third,2024-25,179.99
saint pauli,home,2024-25,179.99
milan,home,2006-07,234.99
barcelona,third,2019-20,219.99
escócia,away,1988-89,219.99
argentina,away,1994,219.99
leeds united,away,2024-25,179.99
napoli,home,2024-25,179.99
real madrid,away,2002,219.99
liverpool,home,2023-24,169.99
real madrid,home,2011-12,269.99
milan,away,2009-10,244.99
psg jordan black neymar jr #11 - pronta entrega,,,234.99
brasil,home,1998,229.99
liverpool,away,1996-97,199.99
real madrid,home,2023-24,249.99
frança,home,2024-25,209.99
barcelona,away,2024-25,209.99
chelsea,away,2024-25,209.99
arsenal,home,2024-25,169.99
valencia,away,2006-07,199.99
espanha,away,2010,229.99
barcelona,home,2010-11,229.99
manchester united,home,2007-08,219.99
real madrid,home,2002-03,229.99
milan,away,2006-07,229.99
barcelona,home,2022-23,169.99
afc richmond,home,2023-24,169.99
ajax,away,2023-24,169.99
barcelona,home,2024-25,224.99
chelsea,away,2024-25,224.99
manchester united,home,2022-23,289.99
inter de milão,home,1998-99,269.99
manchester united,home,2007-08,254.99
manchester united,away,2007-08,269.99
manchester united,third,2024-25,249.99
vasco,,2024-25,179.99
manchester city,third,2024-25,179.99
manchester united,home,2007-08,249.99
inglaterra,home,1998-99,219.99
newcastle lifestyle,,2024-25,219.99
brasil,home,1998,234.99
alemanha,home,2024-25,179.99
boca juniors,home,1996-97,219.99
manchester united originals t-shirt,,2024-25,219.99
brasil,away,1998-99,234.99
real madrid,away,2005-06,234.99
